,,MATERIAL ORDERING,,,,,,,,DO NOT EDIT THIS COLUMN,,,,,
PC,,ITEM,PC,DESCRIPTION,QTY,RELEASED,DATE RELEASED,RELEASE TYPE,REMARK,,,,,,
,,1,430001-A367,Assy-PX Vision PC Advance,5,TRUE,03/12/2025,CHARGE OUT,,,,,,,
,,2,2111-0003,"HARD DISK,SATA3 6GB/S,12TB",5,FALSE,,,,,,,,,
,,3,2110-0054,"HARD DISK,SATA3 6GB/S,1TB",5,FALSE,,,,,,,,,
,,1,,,,FALSE,,MRP,,,,,,,
,,2,,,,FALSE,,,,,,,,,
,,3,,,,FALSE,,,,,,,,,
,,,,,,,,,,,,,,,
CORE,PART #:,ITEM,CORE,DESCRIPTION,QTY,RELEASED,DATE RELEASED,RELEASE TYPE,REMARK,,,,,,
,,1,430000-S062-R02,Machine Base Structure,1,TRUE,30/12/2025,CHARGE OUT,,,,,,,
,,2,430000-A940,Kit-Machine Base Hardware,1,FALSE,,,,,,,,,
,,3,430001-A364,Assy-PX Control PC,1,FALSE,,,,,,,,,
,,4,430000-A542,Assy-UPS,1,FALSE,,,,,,,,,
,,5,430000-A618,Assy-5U PDU 400V,1,FALSE,,,,,,,,,
,,6,430000-A692,Assy-48V Power Panel,1,FALSE,,,,,,,,,
,,7,430000-A527,Assy-AKD Panel,1,FALSE,,,,,,,,,
,,8,430000-A553,Assy-Transformer Mounting,1,FALSE,,,,,,,,,
,,9,430000-A523,Assy-Electrical Panel 1,1,FALSE,,,,,,,,,
,,10,430000-A525,Assy-Electrical Panel 2,1,FALSE,,,,,,,,,
,,11,430000-A691,Assy-Machine Power Distributor,1,FALSE,,,,,,,,,
,,12,430000-A819,Assy-Splitter Panel,1,FALSE,,,,,,,,,
,,13,430000-A538,Assy-Lightsource controller Panel,1,FALSE,,,,,,,,,
,,14,430000-A743,Assy-Inlet DC Fan 120mm,1,FALSE,,,,,,,,,
,,15,430000-A669,Assy-Outlet DC Fan 120mm,1,FALSE,,,,,,,,,
,,16,430000-A738,Assy-VCM Panel,1,FALSE,,,,,,,,,
,,17,430000-A942,Module-Transfer Arm,1,FALSE,,,,,,,,,
,,18,430000-A943,Module-Wafer Cassette Loader,1,FALSE,,,,,,,,,
,,19,430000-A944,Module-Die Ejector-v2.0,1,FALSE,,,,,,,,,
,,20,430000-A956,Module-XYT Table-v2.0,1,FALSE,,,,,,,,,
,,21,430001-A371,Assy-Ejector XY Motorized-v2.0,1,FALSE,,,,,,,,,
,,22,430000-A946,Module-Flipper-v2.0,1,FALSE,,,,,,,,,
,,23,430001-A007,Module-Flipper Vision,1,FALSE,,,,,,,,,
,,24,430000-A955,Module-Turret System-v1.0,1,FALSE,,,,,,,,,
,,25,430000-A957,Module-Input Frame Vision - A,1,FALSE,,,,,,,,,
,,26,430001-A131,Module-Input Frame Vision (FOV <42mm) - B,1,FALSE,,,,,,,,,
,,27,430000-A958,Module-Structure Barcode Reader,1,FALSE,,,,,,,,,
,,28,430000-A960,Module-Reject Bin with check present,1,FALSE,,,,,,,,,
,,29,430000-A994,Kit-Misc. Ele. Purge Bin,1,FALSE,,,,,,,,,
,,30,430001-A419,Kit-Shipment Basic Tool,1,FALSE,,,,,,,,,
,,,,,,,,,,,,,,,
CONFIG,PART #:,ITEM,PC,DESCRIPTION,QTY,RELEASED,DATE RELEASED,RELEASE TYPE,REMARK,,,,,,
,,1,430001-A366,Assy-PX Vision PC Standard,1,TRUE,08/12/2025,,,,,,,,
,,2,430000-A268,Assy-VCM Offset,1,TRUE,30/12/2025,,,,,,,,
,,3,430000-A268,Assy-VCM Offset,1,FALSE,,,,,,,,,
,,4,430001-A367,Assy-PX Vision PC Advance,1,FALSE,,,,,,,,,
,,5,430000-A206,Assy-VCM Direct,1,TRUE,09/12/2025,,,,,,,,
,,6,430000-A268,Assy-VCM Offset,1,FALSE,,,,,,,,,
,,7,430001-A714,List-Optional Pneumatic Module,,FALSE,,,,,,,,,
,,8,430001-A714,List-Optional Pneumatic Module,,FALSE,,,,,,,,,
,,9,430001-A714,List-Optional Pneumatic Module,,FALSE,,,,,,,,,
,,10,430000-A206,Assy-VCM Direct,,FALSE,,,,,,,,,
MODULE,PART #:,ITEM,MODULE,DESCRIPTION,QTY,RELEASED,DATE RELEASED,RELEASE TYPE,REMARK,,,,,,
,,1,430000-A961,Module-Taping-v2.0,,TRUE,17/12/2025,,,,,,,,
,,,-,-,,FALSE,,,,,,,,,
,,,430001-A704,List-Tooling Tape And Reel,,FALSE,,,,,,,,,
,,,,,,FALSE,,,,,,,,,
,,,,,,FALSE,,,,,,,,,
,,2,430001-A451,Module-Manual Reject Tray,,FALSE,,,,,,,,,
,,,-,-,,TRUE,30/12/2025,,,,,,,,
,,,430001-A696,List-Tooling Manual Reject Tray,,FALSE,,,,,,,,,
,,,430001-A629,Assy-Plate-Tray Adapter Typ2-with Vacuum,,FALSE,,,,,,,,,
,,3,430000-A960,Module-Reject Bin with check present,,TRUE,29/12/2025,,,,,,,,
,,,430001-A529,Kit-Misc. Ele. Reject Bin 1,,FALSE,,,,,,,,,
,,,-,-,,FALSE,,,,,,,,,
,,4,430000-A960,Module-Reject Bin with check present,,FALSE,,,,,,,,,
,,,430001-A530,Kit-Misc. Ele. Reject Bin 2,,FALSE,,,,,,,,,
,,,-,-,,FALSE,,,,,,,,,
,,5,430000-A973,Module-Reject Bin,,FALSE,,,,,,,,,
,,,430001-A529,Kit-Misc. Ele. Reject Bin 1,,FALSE,,,,,,,,,
,,,-,-,,FALSE,,,,,,,,,
,,6,430000-A973,Module-Reject Bin,,FALSE,,,,,,,,,
,,,430001-A530,Kit-Misc. Ele. Reject Bin 2,,FALSE,,,,,,,,,
,,,-,-,,FALSE,,,,,,,,,
,,7,430000-A973,Module-Reject Bin,,FALSE,,,,,,,,,
,,,430001-A531,Kit-Misc. Ele. Reject Bin 3,,FALSE,,,,,,,,,
,,,-,-,,FALSE,,,,,,,,,
,,8,430000-A973,Module-Reject Bin,,FALSE,,,,,,,,,
,,,430001-A532,Kit-Misc. Ele. Reject Bin 4,,FALSE,,,,,,,,,
,,,-,-,,FALSE,,,,,,,,,
,,9,430000-A959,Module-Dynamic Recentering-v1.0,,FALSE,,,,,,,,,
,,,430000-A989,Kit-Misc. Ele. Dynamic Recentering V1-#1,,FALSE,,,,,,,,,
,,,430001-A691,List-Tooling DRC V1.0,,FALSE,,,,,,,,,
,,10,430001-A276,Module-Rotary-V2.0,,FALSE,,,,,,,,,
VISION,CATEGORY,ITEM,VISION,DESCRIPTION,QTY,RELEASED,DATE RELEASED,RELEASE TYPE,REMARK,,,,,,
,Vision B2K,1,430001-A013,Module-Mark Package Vision-B2K,,TRUE,09/12/2025,,,,,,,,
,Vision B2K,2,430000-A758,Module- Position Check Pad Package - B2K,,TRUE,10/12/2025,,,,,,,,
,Vision Fixed Spec,3,430001-A016,Module-Waffle Position Check Mark Package Vision,,TRUE,15/12/2025,,,,,,,,
,Vision Fixed Spec,4,430001-A010,Module-In-Pocket Unit Seating Vision,,FALSE,,,,,,,,,
,Vision Fixed Spec,5,430001-A016,Module-Waffle Position Check Mark Package Vision,,FALSE,,,,,,,,,
,Vision B2K,6,430000-A758,Module- Position Check Pad Package - B2K,,FALSE,,,,,,,,,
,Vision S4K,7,430001-A357,Module-In-Pocket Mark Package Vision-S4K,,FALSE,,,,,,,,,
,Vision Fixed Spec,8,430001-A012,Module-Tape Seal Vision,,FALSE,,,,,,,,,
,Vision Fixed Spec,9,430000-A401,Module-3D BGA Pad Package Vision-B2K,,FALSE,,,,,,,,,
,Vision Fixed Spec,10,430000-A756,Position Check Vision 1,,FALSE,,,,,,,,,
TOOLING,,ITEM,TOOLING,DESCRIPTION,QTY,RELEASED,DATE RELEASED,RELEASE TYPE,REMARK,,,,,,MOQ CAL.
,,1,,,0,FALSE,,,,0,0,0,0,0,0
,,2,,,0,FALSE,,,,0,0,0,0,0,0
,,3,,,0,FALSE,,,,0,0,0,0,0,
,,4,,,0,FALSE,,,,0,0,0,0,0,
,,5,,,0,FALSE,,,,0,0,0,0,0,
,,6,,,0,FALSE,,,,0,0,0,0,0,
,,7,,,0,FALSE,,,,0,0,0,0,0,
,,8,,,0,FALSE,,,,0,0,0,0,0,
,,9,,,0,FALSE,,,,0,0,0,0,0,
,,10,,,0,FALSE,,,,0,0,0,0,0,
,,11,,,0,FALSE,,,,0,0,0,0,0,
,,12,,,0,FALSE,,,,0,0,0,0,0,
,,13,,,0,FALSE,,,,0,0,0,0,0,
,,14,,,0,FALSE,,,,0,0,0,0,0,
,,15,,,0,FALSE,,,,0,0,0,0,0,
,,16,,,0,FALSE,,,,0,0,0,0,0,
,,17,,,0,FALSE,,,,0,0,0,0,0,
,,18,,,0,FALSE,,,,0,0,0,0,0,
,,19,,,0,FALSE,,,,0,0,0,0,0,
,,20,,,0,FALSE,,,,0,0,0,0,0,
,,21,,,0,FALSE,,,,0,0,0,0,0,
,,22,,,0,FALSE,,,,0,0,0,0,0,
,,23,,,0,FALSE,,,,0,0,0,0,0,
,,24,,,0,FALSE,,,,0,0,0,0,0,
,,25,,,0,FALSE,,,,0,0,0,0,0,
,,,,,,,,,,,,,,,
VCM,,ITEM,VCM,DESCRIPTION,QTY,RELEASED,DATE RELEASED,RELEASE TYPE,REMARK,,,,,,
,,1,,,3,FALSE,,,,,,,,,
,,2,,,1,FALSE,,,,,,,,,
,,,,,,,,,,,,,,,
OTHERS,PART #:,ITEM,OTHERS,DESCRIPTION,QTY,RELEASED,DATE RELEASED,RELEASE TYPE,REMARK,,,,,,
,,1,,,,FALSE,,,,,,,,,
,,2,,,,FALSE,,,,,,,,,
,,3,,,,FALSE,,,,,,,,,
,,4,,,,FALSE,,,,,,,,,
,,5,,,,FALSE,,,,,,,,,
,,6,,,,FALSE,,,,,,,,,
,,7,,,,FALSE,,,,,,,,,
,,8,,,,FALSE,,,,,,,,,
,,9,,,,FALSE,,,,,,,,,
,,10,,,,FALSE,,,,,,,,,
,,11,,,,FALSE,,,,,,,,,
,,12,,,,FALSE,,,,,,,,,
,,13,,,,FALSE,,,,,,,,,
,,14,,,,FALSE,,,,,,,,,
,,15,,,,FALSE,,,,,,,,,
,,16,,,,FALSE,,,,,,,,,
,,17,,,,FALSE,,,,,,,,,
,,18,,,,FALSE,,,,,,,,,
,,19,,,,FALSE,,,,,,,,,
,,20,,,,FALSE,,,,,,,,,
,,21,,,,FALSE,,,,,,,,,
,,22,,,,FALSE,,,,,,,,,
,,23,,,,FALSE,,,,,,,,,
,,24,,,,FALSE,,,,,,,,,
,,25,,,,FALSE,,,,,,,,,
,,,,,,,,,,,,,,,
SPARES,PART #:,ITEM,SPARES,DESCRIPTION,QTY,RELEASED,DATE RELEASED,RELEASE TYPE,REMARK,,,,,,
,,1,,,,FALSE,,,,,,,,,
,,2,,,,FALSE,,,,,,,,,
,,3,,,,FALSE,,,,,,,,,
,,4,,,,FALSE,,,,,,,,,
,,5,,,,FALSE,,,,,,,,,
,,6,,,,FALSE,,,,,,,,,
,,7,,,,FALSE,,,,,,,,,
,,8,,,,FALSE,,,,,,,,,
,,9,,,,FALSE,,,,,,,,,
,,10,,,,FALSE,,,,,,,,,
,,11,,,,FALSE,,,,,,,,,
,,12,,,,FALSE,,,,,,,,,
,,13,,,,FALSE,,,,,,,,,
,,14,,,,FALSE,,,,,,,,,
,,15,,,,FALSE,,,,,,,,,
,,16,,,,FALSE,,,,,,,,,
,,,,,,,,,,,,,,,
JIG/CALIBRATION,PART #:,ITEM,JIG/CALIBRATION,DESCRIPTION,QTY,RELEASED,DATE RELEASED,RELEASE TYPE,REMARK,,,,,,
,,1,,,,FALSE,,,,,,,,,
,,2,,,,FALSE,,,,,,,,,
,,3,,,,FALSE,,,,,,,,,
,,4,,,,FALSE,,,,,,,,,
,,5,,,,FALSE,,,,,,,,,
,,6,,,,FALSE,,,,,,,,,
,,7,,,,FALSE,,,,,,,,,
,,8,,,,FALSE,,,,,,,,,
,,9,,,,FALSE,,,,,,,,,
,,10,,,,FALSE,,,,,,,,,
,,11,,,,FALSE,,,,,,,,,
,,12,,,,FALSE,,,,,,,,,
,,13,,,,FALSE,,,,,,,,,
,,14,,,,FALSE,,,,,,,,,
,,15,,,,FALSE,,,,,,,,,
,,16,,,,FALSE,,,,,,,,,
,,17,,,,FALSE,,,,,,,,,
,,18,,,,FALSE,,,,,,,,,
,,19,,,,FALSE,,,,,,,,,
,,20,,,,FALSE,,,,,,,,,
,,21,,,,FALSE,,,,,,,,,
,,22,,,,FALSE,,,,,,,,,
,,23,,,,FALSE,,,,,,,,,
,,24,,,,FALSE,,,,,,,,,
,,25,,,,FALSE,,,,,,,,,
,,26,,,,FALSE,,,,,,,,,
,,27,,,,FALSE,,,,,,,,,
,,28,,,,FALSE,,,,,,,,,
,,30,,,,FALSE,,,,,,,,,